hit_num	uniprot_ID	description	sequence	e-value	bit-score	identity	query_seq	query_start	query_end	match_start	match_end
1	Q84WM7	Pectinesterase PPME1 OS=Arabidopsis thaliana OX=3702 GN=PPME1 PE=1 SV=1	LHVVGDGIRVIAAHAGKSAEEKSGYSFVHCKVTGTGGGIYLGRAWMSH	8.9E-28	104.0	100.0	LHVVGDGIRVIAAHAGKSAEEKSGYSFVHCKVTGTGGGIYLGRAWMSH	1	48	233	280
2	Q9LY19	Probable pectinesterase 48 OS=Arabidopsis thaliana OX=3702 GN=PME48 PE=2 SV=2	LHVVGDGIRVIAAHAGKSAEEKSGYSFVHCKVTGTGGGIYLGRAWMSH	8.9E-28	104.0	100.0	LHVVGDGIRVIAAHAGKSAEEKSGYSFVHCKVTGTGGGIYLGRAWMSH	1	48	233	280
3	Q9FKF3	Putative pectinesterase 63 OS=Arabidopsis thaliana OX=3702 GN=PME63 PE=3 SV=2	LNVVGDGIRVITAHAGKSAAEKSGYSFVHCKVTGTGTGIYLGRSWMSH	7.5E-24	93.2	89.6	LHVVGDGIRVIAAHAGKSAEEKSGYSFVHCKVTGTGGGIYLGRAWMSH	1	48	210	257
4	Q9LY18	Probable pectinesterase 49 OS=Arabidopsis thaliana OX=3702 GN=PME49 PE=2 SV=1	LHAVGDGLRVIAAHNRQSTTEQNGYSFVHCKVTGVGTGIYLGRAWMSH	4.9E-20	83.2	77.1	LHVVGDGIRVIAAHAGKSAEEKSGYSFVHCKVTGTGGGIYLGRAWMSH	1	48	233	280
5	Q9LY17	Probable pectinesterase 50 OS=Arabidopsis thaliana OX=3702 GN=PME50 PE=2 SV=1	LHAVGDGLRVITAQGRQSATEQNGYTFVHCKVTGTGTGIYLGRSWMSH	4.7E-19	80.5	72.9	LHVVGDGIRVIAAHAGKSAEEKSGYSFVHCKVTGTGGGIYLGRAWMSH	1	48	233	280
6	C0HMB4	Pectinesterase OS=Parthenium hysterophorus OX=183063 PE=1 SV=1	LHAVPGDQPAIITAQARKTESEDTGYYFVNCRV--TGGGAFLGRSWM	1.3E-7	48.5	53.2	LHVV-GDGIRVIAAHAGKSAEEKSGYSFVHCKVTGTGGGIYLGRAWM	1	46	235	279
7	B2VPR8	Pectinesterase 2 OS=Olea europaea OX=4146 PE=1 SV=1	LHAVPGDQPAIITAQARKTESEDTGYYFVNCRV--TGGGAFLGRSWM	1.3E-7	48.5	53.2	LHVV-GDGIRVIAAHAGKSAEEKSGYSFVHCKVTGTGGGIYLGRAWM	1	46	235	279
8	D8VPP5	Pectinesterase 1 OS=Olea europaea OX=4146 PE=1 SV=1	LHAVPGDQPAIITAQARKTDSEDTGYYFVNCRV--TGGGAFLGRSWM	1.8E-7	48.1	53.2	LHVV-GDGIRVIAAHAGKSAEEKSGYSFVHCKVTGTGGGIYLGRAWM	1	46	235	279
9	Q8VYZ3	Probable pectinesterase 53 OS=Arabidopsis thaliana OX=3702 GN=PME53 PE=2 SV=1	VHAIADKLGAVTAQGRSSVLEDTGFSFVKCKVTGT-GVLYLGRAW	1.8E-7	48.1	48.9	LHVVGDGIRVIAAHAGKSAEEKSGYSFVHCKVTGTGGGIYLGRAW	1	45	260	303
10	Q8LPF3	Probable pectinesterase 68 OS=Arabidopsis thaliana OX=3702 GN=PME68 PE=2 SV=1	LHSIASRFGSIAAHGRTCPEEKTGFAFVGCRVTGT-GPLYVGRA	3.1E-6	44.7	50.0	LHVVGDGIRVIAAHAGKSAEEKSGYSFVHCKVTGTGGGIYLGRA	1	44	235	277
11	Q9FM79	Pectinesterase QRT1 OS=Arabidopsis thaliana OX=3702 GN=QRT1 PE=1 SV=1	IHSTAKRYGAIAAHHRDSETEDTGFSFVNCDISGT-GQIYLGRAW	3.1E-6	44.7	48.9	LHVVGDGIRVIAAHAGKSAEEKSGYSFVHCKVTGTGGGIYLGRAW	1	45	257	300
12	Q9ZQA3	Probable pectinesterase 15 OS=Arabidopsis thaliana OX=3702 GN=PME15 PE=2 SV=1	ITAQGRQSEDEQSGFSFVNCKIDGS-GEILLGRAW	7.1E-5	40.8	54.3	IAAHAGKSAEEKSGYSFVHCKVTGTGGGIYLGRAW	11	45	274	307
13	Q9LVQ0	Pectinesterase 31 OS=Arabidopsis thaliana OX=3702 GN=PME31 PE=1 SV=1	ITAQSRKSSQESTGYVFLRCVITGNGQSGYMYLGRPW	9.7E-5	40.4	48.6	IAAHAGKSAEEKSGYSFVHCKVTGTG--GGIYLGRAW	11	45	188	224
14	Q9SIJ9	Putative pectinesterase 11 OS=Arabidopsis thaliana OX=3702 GN=PME11 PE=3 SV=1	LHSLSPNNGSITAQMRTSATEKSGFTFLGCKLTGS-GSTFLGRPW	1.8E-4	39.7	44.4	LHVVGDGIRVIAAHAGKSAEEKSGYSFVHCKVTGTGGGIYLGRAW	1	45	211	254
15	O23038	Probable pectinesterase 8 OS=Arabidopsis thaliana OX=3702 GN=PME8 PE=2 SV=2	VTANGRSSKDENSGFSFVNCTIGGT-GHVWLGRAW	1.8E-4	39.7	48.6	IAAHAGKSAEEKSGYSFVHCKVTGTGGGIYLGRAW	11	45	277	310
16	Q9ZQA4	Putative pectinesterase 14 OS=Arabidopsis thaliana OX=3702 GN=PME14 PE=2 SV=1	IGCITANGKDTLKDRTGFVFVNCKITGS-ARVWLGRAW	0.0043	35.8	39.5	IRVIAAHAGKSAEEKSGYSFVHCKVTGTGGGIYLGRAW	8	45	219	255
17	Q9LSP1	Probable pectinesterase 67 OS=Arabidopsis thaliana OX=3702 GN=PME67 PE=2 SV=1	ITAHHRESAEEKTGYVFIRGKVYGI-DEVYLGRA	0.0058	35.4	55.9	IAAHAGKSAEEKSGYSFVHCKVTGTGGGIYLGRA	11	44	225	257
